{"TransformableViewContent":"This is my first home page @Model.Test \u003Cbr /\u003E\nThis is an additional mod\n\u003Ceditable-area area-identifier=\u0022areaSimple\u0022 /\u003E","TransformableViewDisplayName":"Home","TransformableViewGuid":"ecd23c52-e3be-4d2b-8f9a-84f8b4779818","TransformableViewID":7,"TransformableViewLastModified":"2024-08-02T09:10:08.7865111","TransformableViewName":"Home","TransformableViewTransformableViewTagID":1,"TransformableViewType":1,"TransformableViewClassName":""}