{"TransformableViewContent":"@*\n    For more information on enabling MVC for empty projects, visit https://go.microsoft.com/fwlink/?LinkID=397860\n*@\n@{\n}\n\n@using Kentico.PageBuilder.Web.Mvc\n@using Kentico.Web.Mvc\n\u003C!DOCTYPE html\u003E\n\u003Chtml\u003E\n\u003Chead\u003E\n    \u003Cmeta name=\u0022viewport\u0022 content=\u0022width=device-width, initial-scale=1\u0022 /\u003E\n    \u003Clink href=\u0022/client/css/bundles/HeaderStyles.min.css\u0022 rel=\u0022stylesheet\u0022 /\u003E\n    @await RenderSectionAsync(\u0022Head\u0022, required: false)\n    \u003Crouted-page\u003E\n        \u003Cpage-builder-styles /\u003E\n        \u003Cimage-widget-styles /\u003E\n    \u003C/routed-page\u003E\n\u003C/head\u003E\n\u003Cbody\u003E\n    @await RenderSectionAsync(\u0022Body\u0022, required: false)\n    \u003Cheader class=\u0022p-3 bg-dark text-white\u0022\u003E\n        \u003Cdiv class=\u0022container\u0022\u003E\n            \u003Cdiv class=\u0022d-flex flex-wrap align-items-center justify-content-center justify-content-lg-start\u0022\u003E\n                \u003Ca href=\u0022/\u0022 class=\u0022d-flex align-items-center mb-2 mb-lg-0 text-white text-decoration-none\u0022\u003E\n                    \u003Csvg class=\u0022bi me-2\u0022 width=\u002240\u0022 height=\u002232\u0022 role=\u0022img\u0022 aria-label=\u0022Bootstrap\u0022\u003E\u003Cuse xlink:href=\u0022#bootstrap\u0022\u003E\u003C/use\u003E\u003C/svg\u003E\n                \u003C/a\u003E\n\n                \u003Cul class=\u0022nav col-12 col-lg-auto me-lg-auto mb-2 justify-content-center mb-md-0\u0022\u003E\n                    \u003Cvc:navigation path=\u0022/Navigation\u0022 channel=\u0022layout\u0022 /\u003E\n                \u003C/ul\u003E\n\n                \u003Cform class=\u0022col-12 col-lg-auto mb-3 mb-lg-0 me-lg-3\u0022\u003E\n                    \u003Cinput type=\u0022search\u0022 class=\u0022form-control form-control-dark\u0022 placeholder=\u0022Search...\u0022 aria-label=\u0022Search\u0022\u003E\n                \u003C/form\u003E\n\n                \u003Cdiv class=\u0022text-end\u0022\u003E\n                    \u003Cbutton type=\u0022button\u0022 class=\u0022btn btn-outline-light me-2\u0022\u003ELogin\u003C/button\u003E\n                    \u003Cbutton type=\u0022button\u0022 class=\u0022btn btn-warning\u0022\u003ESign-up\u003C/button\u003E\n                \u003C/div\u003E\n            \u003C/div\u003E\n        \u003C/div\u003E\n    \u003C/header\u003E\n    \u003Cmain\u003E\n        \u003Ch1\u003EThis is using a database layout.\u003C/h1\u003E\n        @RenderBody()\n    \u003C/main\u003E\n    \u003Cfooter\u003E\n    \u003C/footer\u003E\n    \u003Cscript type=\u0022text/javascript\u0022 src=\u0022/client/js/bundles/FooterJS.min.js\u0022\u003E\u003C/script\u003E\n    @await RenderSectionAsync(\u0022BodyEnd\u0022, required: false)\n    \u003Crouted-page\u003E\n        \u003Cpage-builder-scripts /\u003E\n        \u003Cimage-widget-scripts /\u003E\n    \u003C/routed-page\u003E\n\u003C/body\u003E\n\u003C/html\u003E","TransformableViewDisplayName":"_Layout","TransformableViewGuid":"239776b5-cf2c-42a1-a88f-faa120e04b71","TransformableViewID":13,"TransformableViewLastModified":"2024-07-25T13:08:19.6900693","TransformableViewName":"Layout","TransformableViewTransformableViewTagID":1,"TransformableViewType":0,"TransformableViewClassName":""}