{"TransformableViewContent":"\u003Cdiv\u003E\n  \u003Ch1\u003ECurrent Users\u003C/h1\u003E\n@foreach(var item in Model.Items){\n  @item.UserName \u003Cbr/\u003E\n}\n  \u003Cdiv\u003ENote the transaction worked great and the caching.  Export and import as well.\u003C/div\u003E\n\u003C/div\u003E","TransformableViewDisplayName":"ObjectView","TransformableViewGuid":"58f82415-dc8f-45c8-8b14-e65f1c9903f6","TransformableViewID":12,"TransformableViewLastModified":"2024-07-25T13:08:19.9745144","TransformableViewName":"ObjectView","TransformableViewTransformableViewTagID":1,"TransformableViewType":2,"TransformableViewClassName":"cms.user"}