{"TransformableViewContent":"\u003Ch1\u003EName\u003C/h1\u003E\n\u003Cdiv\u003E@Model.Items[0].Name\u003C/div\u003E\n@{var image = @Model.Items[0].Image; }\n@System.Text.Json.JsonSerializer.Serialize(image)","TransformableViewDisplayName":"Test View","TransformableViewGuid":"9989cb6f-b4d1-4a6a-9f30-37680bf656b0","TransformableViewID":8,"TransformableViewLastModified":"2024-07-25T13:08:20.5030595","TransformableViewName":"TestView_3c9f58f7-4c2b-435a-b152-05bfe4c5950f","TransformableViewTransformableViewTagID":2,"TransformableViewType":3,"TransformableViewClassName":"hbs.test"}